misc/approxkl,misc/clipfrac,misc/explained_variance,misc/fps,misc/nupdates,misc/policy_entropy,misc/policy_loss,misc/serial_timesteps,misc/time_elapsed,misc/total_timesteps,misc/value_loss,stats/eplenmean,stats/eprewmax,stats/eprewmean,stats/eprewmin
0.0035649398,0.046875,-0.2509256601333618,0,1,45.313236,-0.04220255,8,452.5716883,16,0.8291526,8.0,0.058576075004667355,-0.09846068815659971,-0.2554974513178668
0.015590447,0.1875,0.038790106773376465,0,10,45.231663,-0.028291268,80,4409.318175,160,1.0729125,8.0,0.10036468292399447,-0.2715951875531899,-0.8221538134731509
0.006790518,0.09375,-0.021129131317138672,0,20,45.077408,-0.044314705,160,8806.738281799999,320,1.3341136,8.0,0.39837758248051625,-0.12388629491735974,-0.64488087157954
0.0042201253,0.078125,-0.21839475631713867,0,30,45.011715,-0.049463153,240,13307.7703492,480,1.1929463,8.0,0.5000553396643862,0.04385822215754487,-0.3308003826119341
0.0037601953,0.03125,-1.0796916484832764,0,40,44.996124,-0.017086532,320,18068.3662435,640,1.1232269,8.0,0.6622560571693055,0.36306184774633454,-0.40530127178707775
0.017825268,0.203125,-0.35507631301879883,0,50,44.978317,-0.04964413,400,22824.9180419,800,1.1266056,8.0,0.5806949326613444,0.3845203865940719,0.15632390999998125
0.0063247634,0.0625,-0.1359492540359497,0,60,44.910107,-0.049441498,480,27704.846584500003,960,1.1183677,8.0,0.7121028858408123,0.4035974616358005,0.05458549646113647
0.019624503,0.234375,-0.08121120929718018,0,70,44.86586,-0.07212193,560,32659.481748000002,1120,1.29476,8.0,0.6703139037359824,0.4900321103200776,0.06683718351995444
0.007472129,0.109375,0.137648344039917,0,80,44.775337,-0.044946216,640,37614.9343857,1280,1.1725667,8.0,0.6608127895408042,0.4980084071187285,0.2653663322331551
0.02340993,0.21875,0.025558948516845703,0,90,44.818928,-0.066866815,720,42444.5835832,1440,1.2212178,8.0,0.640940492022987,0.3588331921689748,-0.20785863956987374
0.014859577,0.1875,0.12381434440612793,0,100,44.734695,-0.052953236,800,47415.168275699994,1600,1.048481,8.0,0.7657082691962112,0.47644343263747696,0.2008907368760345
0.006143319,0.09375,0.11125689744949341,0,110,44.675846,-0.049888894,880,52402.1196089,1760,0.9190353,8.0,0.7015804404626151,0.5181251662035617,0.3019265509266146
0.0065190587,0.09375,0.0981408953666687,0,120,44.703716,-0.042222124,960,57511.4125089,1920,1.2168875,8.0,0.7573117790367226,0.516282888918519,0.2398204767231901
0.0029571413,0.046875,-0.01266467571258545,0,130,44.636044,-0.022863058,1040,62573.062178399996,2080,1.1791285,8.0,0.7641935020314004,0.38999848375513047,0.03206094748816263
0.006126605,0.078125,0.06505417823791504,0,140,44.59703,-0.04404886,1120,67563.9748021,2240,1.1570685,8.0,0.6766750536721039,0.41860640005209626,-0.01325860105910949
0.008982319,0.171875,-0.15943193435668945,0,150,44.52556,-0.07034149,1200,72620.16420289999,2400,0.47832972,8.0,0.7778716809694526,0.3652595730628866,-0.1131260433837662
0.0051147323,0.109375,0.32256317138671875,0,160,44.35803,-0.03197097,1280,77587.647889,2560,0.6451999,8.0,0.7337436786055488,0.5110738241821233,0.25589231472706364
0.017071472,0.203125,0.3030567169189453,0,170,44.257294,-0.05990981,1360,82568.28684839999,2720,0.56463647,8.0,0.7562063532200101,0.5085695292352007,0.1577096882069794
0.0065831584,0.09375,0.10796552896499634,0,180,44.19339,-0.045920797,1440,87604.3725562,2880,0.49042514,8.0,0.7433358003096369,0.40731761455083915,0.05845462857414002
0.0039189663,0.046875,-0.02507305145263672,0,190,44.24698,-0.035303067,1520,93351.5896251,3040,1.856914,8.0,0.7676909060912236,0.49085236946878713,0.14422231267025865
0.01316257,0.234375,0.05282098054885864,0,200,44.202248,-0.06631567,1600,98927.6681884,3200,1.5138825,8.0,0.7140052350787127,0.4506280720471788,0.008357449779772652
0.008657632,0.140625,0.10867655277252197,0,210,44.17102,-0.044626772,1680,104491.0064133,3360,1.65432,8.0,0.7640980786599462,0.5215993913044861,0.05391605602622754
0.010637597,0.15625,-0.07239460945129395,0,220,44.10525,-0.056311958,1760,109875.36828899999,3520,1.4307361,8.0,0.8066141499679825,0.6158278594184965,0.4189731242008509
0.008952847,0.15625,0.0257604718208313,0,230,44.056915,-0.058207616,1840,115035.0494039,3680,0.8696954,8.0,0.8137015203039066,0.5985205682907239,0.32737156353309294
0.017437581,0.125,0.2492893934249878,0,240,44.02935,-0.042275906,1920,120214.7412884,3840,0.86006224,8.0,0.7814158440088905,0.6368258081194758,0.4608700269054579
0.011870202,0.171875,0.3565680980682373,0,250,44.030685,-0.04669019,2000,125484.8371101,4000,0.77280504,8.0,0.9149235984290546,0.6734084219723668,0.4193132411911244
0.025493782,0.234375,0.23668122291564941,0,260,43.93678,-0.050947923,2080,130724.69180659999,4160,1.1300349,8.0,0.7500122261746982,0.617786591633453,0.3364039135805227
0.015680715,0.21875,0.44100862741470337,0,270,43.91115,-0.042790145,2160,136044.8078295,4320,0.55944276,8.0,0.8540344430056728,0.6329178277102971,0.45750640622348976
0.014102001,0.1875,0.35299980640411377,0,280,43.871323,-0.06281657,2240,141330.248303,4480,1.4684956,8.0,0.7894836743235756,0.6159121430247109,0.27155975965152035
0.023651214,0.328125,0.27430880069732666,0,290,43.88732,-0.08201899,2320,146635.4622954,4640,0.98360837,8.0,0.8371311605536289,0.6788620988783662,0.40256189376504226
0.026430663,0.375,0.3957894444465637,0,300,43.909035,-0.06928301,2400,151937.9541672,4800,0.8105794,8.0,0.7991259605155143,0.6778692841790499,0.43052087844045833
0.020733092,0.234375,0.5566447377204895,0,310,43.919197,-0.058393676,2480,157324.2838102,4960,0.7858398,8.0,0.8082805582933444,0.6700616083538955,0.4528222038100932
0.035631813,0.296875,0.6155039668083191,0,320,43.9355,-0.07183726,2560,162691.6345758,5120,0.47812548,8.0,0.9400706871520159,0.7138383336169046,0.5353462267003501
0.011621489,0.171875,0.15633416175842285,0,330,43.968533,-0.05361655,2640,168058.7360541,5280,1.0194838,8.0,0.8777851871840607,0.7168295057388439,0.42494823840846563
0.012484186,0.234375,0.1999942660331726,0,340,44.038853,-0.050366424,2720,173389.0763411,5440,1.0034429,8.0,0.8336112113434404,0.7015712690315479,0.5086356770084253
0.028721625,0.28125,0.06198012828826904,0,350,44.007484,-0.054259084,2800,178683.6996269,5600,1.4173492,8.0,0.8737590563100158,0.716738049066883,0.44156532499793566
0.03406045,0.28125,0.5099175870418549,0,360,44.042526,-0.068912365,2880,183850.2505731,5760,0.82182264,8.0,0.8682089426958631,0.7111846743513008,0.4679416154935292
0.013289271,0.171875,-0.04841041564941406,0,370,44.054104,-0.038578384,2960,189040.5456992,5920,1.2202008,8.0,0.8044624149867295,0.6693335549538832,0.4134479413333392
0.024302451,0.234375,0.06828075647354126,0,380,44.00246,-0.056584544,3040,194173.5830247,6080,1.144573,8.0,0.7849746460201908,0.6278306236671474,0.36045513957136677
0.008434393,0.109375,-0.10381019115447998,0,390,43.985268,-0.049413867,3120,199329.7778862,6240,1.2949862,8.0,0.7650454772254341,0.678343106696233,0.5162872756885534
0.012775997,0.15625,0.3720329999923706,0,400,43.943977,-0.054616187,3200,204539.76737339998,6400,0.92030394,8.0,0.8026842146328662,0.6505380430792183,0.2866672416619772
0.011674844,0.234375,0.09378021955490112,0,410,43.94409,-0.05633469,3280,209699.0674233,6560,1.2957647,8.0,0.844771938693964,0.6702004602644107,0.23452889862197138
0.020844895,0.21875,-0.035422325134277344,0,420,43.930634,-0.066229016,3360,214807.65862,6720,1.0725642,8.0,0.810398074483605,0.6346794214149123,0.42206065555278416
0.032855865,0.3125,0.4272850751876831,0,430,43.991566,-0.07392374,3440,219779.4156298,6880,0.9045613,8.0,0.728466219411797,0.5993383942300234,0.2498647072247246
0.015281929,0.203125,0.40283799171447754,0,440,44.06384,-0.060634833,3520,224825.5083758,7040,0.67834795,8.0,0.7604853212565595,0.609087634799879,0.3103421551847963
0.010006537,0.1875,0.5462075769901276,0,450,44.102768,-0.04998453,3600,229844.1044047,7200,0.45252073,8.0,0.7310597343167721,0.6089219127143316,0.42422134836809056
0.021553785,0.265625,0.24431580305099487,0,460,44.153057,-0.0642751,3680,234852.5408367,7360,0.86069936,8.0,0.7217181700212578,0.6419193038078725,0.4112622875472226
0.025417302,0.234375,0.380365252494812,0,470,44.136086,-0.047461085,3760,239828.11310349999,7520,0.65439653,8.0,0.7635051834549751,0.6446914234511915,0.5169302541719258
0.01517702,0.25,0.206437349319458,0,480,44.10663,-0.06682492,3840,244696.1898799,7680,0.6782731,8.0,0.6984858525074906,0.6064385691212819,0.38772153750318883
0.017696781,0.203125,0.5167751014232635,0,490,43.997288,-0.07391079,3920,249579.6267119,7840,0.49140033,8.0,0.6793630573554521,0.6141652385864947,0.500546052339797
0.018364064,0.234375,0.48001617193222046,0,500,43.973656,-0.07213865,4000,254381.2267212,8000,0.48974374,8.0,0.7038651396748061,0.6073954095684829,0.44757218055035697
0.018581994,0.171875,0.3470972776412964,0,510,43.948452,-0.0649993,4080,259225.5016043,8160,0.6490586,8.0,0.6908463544336271,0.6140727716561912,0.5264057580467485
0.027996127,0.28125,0.19571900367736816,0,520,43.945995,-0.08650531,4160,264068.1763594,8320,0.7747872,8.0,0.6571062169728416,0.6012431825029053,0.47938668800339945
0.029960956,0.265625,0.25826889276504517,0,530,43.953007,-0.0716794,4240,268969.2035885,8480,0.7367399,8.0,0.6978181062707038,0.6414639148752537,0.5770933587778038
0.018227372,0.21875,0.13459903001785278,0,540,43.911095,-0.05729682,4320,273835.5811784,8640,0.8631877,8.0,0.7451551922838533,0.6341879194144744,0.45984633547292975
0.01725658,0.234375,0.06737357378005981,0,550,43.9701,-0.07109249,4400,278625.1642693,8800,1.4340451,8.0,0.7619565906585497,0.6093601012316916,0.37803820055402504
0.034649648,0.3125,0.09800451993942261,0,560,43.939003,-0.093336225,4480,283400.9805622,8960,0.89057004,8.0,0.6799207860365957,0.5813994899806068,0.4196318516507066
0.028964642,0.296875,0.16477501392364502,0,570,43.968357,-0.07521136,4560,288149.9111411,9120,0.74443185,8.0,0.6898650308680471,0.5853533171264831,0.37013178195372276
0.020487472,0.21875,0.28024715185165405,0,580,44.009777,-0.04599414,4640,292936.147835,9280,0.699132,8.0,0.672537818021177,0.5960949725521154,0.36597660705201385
0.020314083,0.25,-0.04589545726776123,0,590,44.00356,-0.07560283,4720,297794.6030095,9440,0.94049835,8.0,0.6931315350985113,0.6040259886761788,0.3695213322732777
0.018133413,0.234375,0.14012682437896729,0,600,43.973743,-0.07232768,4800,302686.600397,9600,0.8178149,8.0,0.7562529152397974,0.6301976560297446,0.4531484824961808
0.028367896,0.296875,0.2751794457435608,0,610,43.921967,-0.078958735,4880,307583.8705728,9760,0.729174,8.0,0.7538259694270861,0.6533751629951047,0.5912972547068294
0.023834432,0.265625,-0.16052544116973877,0,620,43.867115,-0.06133334,4960,312517.2218222,9920,1.3606925,8.0,0.7301471797196362,0.6319558334128498,0.47311476517662504
0.041345797,0.421875,0.49737316370010376,0,630,43.914005,-0.07061821,5040,317477.8974904,10080,0.5351971,8.0,0.7543362753494491,0.6565226949259618,0.5435165616391174
0.02598949,0.25,0.14305394887924194,0,640,43.83692,-0.059439737,5120,322464.6045639,10240,1.0557497,8.0,0.7449897408228741,0.6389954484169399,0.405924156361659
0.016597982,0.28125,0.7039468288421631,0,650,43.913654,-0.06219466,5200,327457.6480684,10400,0.44835988,8.0,0.7369464252845448,0.6157662433062715,0.18723603717863355
0.018757962,0.203125,0.3796573281288147,0,660,43.88394,-0.05643647,5280,332474.7499324,10560,0.8535497,8.0,0.7507597204952047,0.6531346021334166,0.4114623805645093
0.025450211,0.28125,0.3809356093406677,0,670,43.91285,-0.0718708,5360,337431.0890688,10720,0.8129124,8.0,0.7502249279773452,0.6450902458226674,0.4773075091726968
0.024620455,0.28125,0.33706969022750854,0,680,44.00479,-0.06787215,5440,342349.0507057,10880,0.66159135,8.0,0.7581888405913664,0.6119478852748532,0.3903516439956648
0.009898094,0.125,0.2868068218231201,0,690,44.114056,-0.049108073,5520,347254.8490049,11040,0.67151195,8.0,0.7489333581578694,0.6350051416286053,0.4820875072418558
0.01246308,0.1875,0.34113723039627075,0,700,44.13643,-0.026544638,5600,352141.0172843,11200,0.73605645,8.0,0.7458399844277595,0.6020468916523014,0.25663079065653616
0.024118181,0.296875,0.5265017449855804,0,710,44.119175,-0.06537853,5680,356993.0782162,11360,0.5354187,8.0,0.71395809351091,0.6078833956630706,0.36632393782242406
0.020666707,0.265625,0.518887847661972,0,720,44.17706,-0.07961854,5760,361944.10997489997,11520,0.6605257,8.0,0.7174146334496088,0.6222205218402711,0.45629920030994053
0.022944182,0.234375,0.6595909595489502,0,730,44.174335,-0.065629,5840,366939.36272689997,11680,0.5725273,8.0,0.7284033561747443,0.6129820923724167,0.37675654789349433
0.021788094,0.203125,0.21907848119735718,0,740,44.142845,-0.061679855,5920,371941.6138932,11840,1.1392822,8.0,0.7565243847342595,0.5981920219784749,0.4125557548637756
0.023617662,0.28125,0.4595561623573303,0,750,44.21393,-0.062399276,6000,376950.4654804,12000,0.5838373,8.0,0.7685638823288363,0.5754722677820788,0.09238997177478131
0.067339845,0.375,0.47420769929885864,0,760,44.26966,-0.06541949,6080,382042.7602353,12160,0.71357673,8.0,0.7936542878933862,0.6539102066581108,0.22886482559142013
0.035023928,0.328125,0.5647673904895782,0,770,44.136234,-0.07289612,6160,387159.9998921,12320,0.38286272,8.0,0.7734299683572983,0.6046539940962828,0.342138593724821
0.016599229,0.15625,0.3543049693107605,0,780,44.125072,-0.05824043,6240,392284.9624348,12480,0.80870324,8.0,0.7295481739438785,0.6280191620384337,0.318696830956381
0.030321755,0.328125,0.5550806224346161,0,790,44.014683,-0.063854866,6320,397338.9409973,12640,0.8411038,8.0,0.7022690473996611,0.6234543463270136,0.407197386966247
0.023891645,0.359375,0.6436306536197662,0,800,43.965103,-0.065597236,6400,402433.96917399997,12800,0.3849827,8.0,0.7377383050377345,0.6302354527125285,0.43884291707683903
0.021874547,0.234375,0.47850775718688965,0,810,43.909653,-0.066521585,6480,407446.7197916,12960,0.73468924,8.0,0.6759873190377522,0.590252099829355,0.39696632103320006
0.015716054,0.234375,0.6357142329216003,0,820,43.831196,-0.061408944,6560,412486.6564494,13120,0.4121018,8.0,0.662011414358796,0.6126145075154359,0.5067373319589178
0.019650172,0.25,0.65419602394104,0,830,43.797607,-0.08357291,6640,417520.1179826,13280,0.33353668,8.0,0.6919166229391813,0.5969986519384826,0.4097569633456675
0.030267796,0.25,0.5371203422546387,0,840,43.800278,-0.04670508,6720,422490.407941,13440,0.5121044,8.0,0.7678817599211396,0.5902166121528667,0.43345560674784805
0.021978725,0.265625,0.6177359819412231,0,850,43.83132,-0.064671,6800,427608.4837359,13600,0.4396385,8.0,0.7193089945448452,0.6162620793378906,0.41822879069410923
0.029535955,0.296875,0.22578758001327515,0,860,43.938084,-0.06797218,6880,432737.3489104,13760,0.8086906,8.0,0.7634014993475025,0.6522442458043434,0.4350059979130221
0.03675077,0.34375,0.41255664825439453,0,870,43.948692,-0.07009418,6960,438037.884895,13920,0.7472664,8.0,0.7773623795453807,0.6578200742831186,0.44661769987549343
0.015031509,0.21875,0.33211010694503784,0,880,43.98905,-0.05955499,7040,443219.5368014,14080,1.068016,8.0,0.7654148868047639,0.6385195776150091,0.5121652141300069
0.028744206,0.296875,0.47641855478286743,0,890,43.98403,-0.039977055,7120,448493.4030924,14240,0.7609839,8.0,0.7777863755022426,0.6447030827883096,0.3363648753922048
0.021587495,0.28125,0.6720809936523438,0,900,43.981552,-0.04019609,7200,453713.1693617,14400,0.28482527,8.0,0.7706868669738525,0.6751075226777725,0.5245206696149155
0.01932751,0.265625,0.5879347324371338,0,910,43.916744,-0.07050294,7280,458828.4372485,14560,0.51602066,8.0,0.692668144316279,0.5626193339139842,0.27935941518053115
0.03071581,0.34375,0.29611504077911377,0,920,43.975357,-0.068565175,7360,463999.3035714,14720,1.0119805,8.0,0.7520165002388759,0.5731744201742687,0.025544833287623803
0.014968478,0.234375,0.21933525800704956,0,930,44.033813,-0.0652187,7440,469200.3251505,14880,0.8045471,8.0,0.7647564731040759,0.6088291497339744,0.3844698335485192
0.035065897,0.328125,0.12696975469589233,0,940,43.955463,-0.0582356,7520,474362.6899496,15040,0.75426954,8.0,0.814811018403238,0.5930900194296223,0.38762330115223304
0.016583856,0.265625,0.4374271035194397,0,950,43.91796,-0.07676672,7600,479498.81044739997,15200,0.782491,8.0,0.6908804184501,0.5053310206300659,-0.1476635567491133
0.022788696,0.21875,0.4723660349845886,0,960,43.897667,-0.056829587,7680,484685.4284565,15360,0.78664714,8.0,0.6902163475484696,0.49660915014527457,0.02041814773741296
0.037848346,0.328125,0.40260201692581177,0,970,43.938377,-0.09156418,7760,489910.7180953,15520,0.9681711,8.0,0.7530151576442281,0.5576401893462148,-0.15650663141700483
0.035085946,0.265625,0.5722101032733917,0,980,43.937195,-0.03749615,7840,495118.054336,15680,0.38447112,8.0,0.7441880610746486,0.6088153426724868,0.4159446055600801
0.020060634,0.265625,0.10548198223114014,0,990,44.022385,-0.07714909,7920,500365.5520819,15840,1.2887833,8.0,0.7027107220619191,0.5998670928109503,0.3137413546081902
0.02483178,0.28125,0.341702401638031,0,1000,44.025078,-0.07636495,8000,505648.3640971,16000,0.778436,8.0,0.7962804370551297,0.6792753494453814,0.42843436704843485
0.02132987,0.265625,0.48858553171157837,0,1010,44.038372,-0.04564562,8080,510957.8629279,16160,0.537257,8.0,0.865004321766548,0.6877459877662915,0.33943777325790303
0.033178683,0.359375,0.5471127033233643,0,1020,44.023823,-0.075290754,8160,516349.33262349997,16320,0.66695416,8.0,0.8215908087975495,0.7204447233717843,0.6273529307060832
0.022531169,0.21875,0.5689031183719635,0,1030,44.046936,-0.04903402,8240,521711.418411,16480,0.63824046,8.0,0.8345926659738359,0.7120631836731645,0.6196437943871471
0.036048852,0.34375,0.6809261739253998,0,1040,43.971806,-0.0959343,8320,526942.3979237,16640,0.49767104,8.0,0.8396569789258191,0.6824890255506546,0.6013309957581088
0.038453378,0.328125,0.5461059808731079,0,1050,43.960587,-0.09080732,8400,532171.2666195,16800,0.69033474,8.0,0.8194113144907789,0.6687666031843659,0.5225320552610432
0.024593053,0.265625,0.04586368799209595,0,1060,43.97786,-0.061866608,8480,537266.8393712,16960,0.9708391,8.0,0.7740310476273873,0.6500170273515647,0.32455059388734603
0.082236394,0.5,0.6305869817733765,0,1070,44.047256,-0.09435771,8560,542351.3196883,17120,0.6158798,8.0,0.8877333104815854,0.6216088188971769,0.2397052635751449
0.037144363,0.328125,0.7748808860778809,0,1080,44.0431,-0.047718756,8640,547385.7888739,17280,0.23622847,8.0,0.8128008878517368,0.6037115419198079,0.2778755548052466
0.02352332,0.265625,0.7411405742168427,0,1090,44.017517,-0.07417126,8720,552381.6151252,17440,0.34575272,8.0,0.7331547850754835,0.5985608381886878,0.3166513293754107
0.026998525,0.296875,0.5044802725315094,0,1100,44.018166,-0.0656901,8800,557464.9121782,17600,0.6987205,8.0,0.751424583776583,0.6326119157771969,0.4138558350947136
0.019400105,0.203125,0.6108804047107697,0,1110,44.077522,-0.070597,8880,562598.5375281,17760,0.61435735,8.0,0.9026942581712568,0.6122649818576746,0.16805798619176748
0.021488465,0.28125,0.7028266787528992,0,1120,44.062675,-0.057170104,8960,567690.0443738,17920,0.26716408,8.0,0.8659378953264195,0.6531561203535527,0.433254835183748
0.017872313,0.25,0.7165500819683075,0,1130,44.122265,-0.059650864,9040,572876.3926882,18080,0.4674298,8.0,0.8311616097262686,0.6622959308530706,0.4847230440235564
0.030020315,0.3125,0.7844143062829971,0,1140,44.075737,-0.06474657,9120,578065.038477,18240,0.21983191,8.0,0.8206582008647365,0.6849532294072093,0.5910957404507331
0.039755795,0.390625,0.2591535449028015,0,1150,43.984344,-0.06427355,9200,583166.5036584,18400,1.0598085,8.0,0.7661339685526322,0.6570312320877083,0.5110804285150115
0.0241695,0.265625,0.6226745545864105,0,1160,43.98863,-0.069807604,9280,588273.163413,18560,0.47074482,8.0,0.77276931020741,0.6659679765944972,0.5399380488245882
0.028857732,0.25,0.2954673767089844,0,1170,44.005478,-0.07365483,9360,593290.7218336,18720,0.67756176,8.0,0.7851136881337091,0.6534089651622312,0.5393424573662324
0.02498706,0.25,0.6204831600189209,0,1180,44.020954,-0.065679625,9440,598348.576935,18880,0.8102456,8.0,0.7568408642966049,0.6519162093731536,0.4013283452597547
0.016004682,0.25,-0.016452670097351074,0,1190,44.068268,-0.040069386,9520,603405.7545137,19040,1.4837425,8.0,0.7515049771315432,0.63999263969549,0.4666018253525324
0.03227821,0.328125,0.691598117351532,0,1200,44.17106,-0.061376423,9600,608394.321697,19200,0.30155495,8.0,0.6997059519639919,0.6424036990935482,0.582368818899347
0.026122697,0.296875,0.3947305679321289,0,1210,44.1531,-0.071493894,9680,613440.4087173,19360,0.5139195,8.0,0.7359084744362318,0.6386917193733338,0.44792366809793355
0.048641138,0.421875,0.5361613631248474,0,1220,44.22394,-0.100113735,9760,618487.9767919,19520,0.54909265,8.0,0.7247549024868681,0.6431174353829127,0.43682322351658753
0.015041065,0.21875,0.6427858769893646,0,1230,44.174324,-0.042952813,9840,623599.0901957,19680,0.4189006,8.0,0.8311114432780444,0.6529451419244967,0.3740786780620662
0.019198135,0.234375,0.4254574775695801,0,1240,44.084446,-0.036473967,9920,628741.7387215,19840,0.5757009,8.0,0.795386419367042,0.6678426396921757,0.5613267891271223
0.018165959,0.265625,0.6829445660114288,0,1250,44.08074,-0.06304982,10000,633909.5422816,20000,0.40798038,8.0,0.792011918405594,0.6630393137489818,0.4972513929538035
0.040076267,0.40625,0.6698206067085266,0,1260,44.05522,-0.083987385,10080,639044.3219335,20160,0.6210098,8.0,0.771777386342115,0.653543929377499,0.34617001320904195
0.02048583,0.265625,0.14320766925811768,0,1270,44.036728,-0.06569268,10160,644322.2851878,20320,1.132397,8.0,0.8410137541895797,0.7114022638309155,0.6338762051059453
0.022298729,0.234375,0.5698501765727997,0,1280,44.06865,-0.050066352,10240,649481.3832659,20480,0.89711726,8.0,0.7896356025965434,0.6220722338334024,0.4501583265837372
0.023417715,0.1875,0.5533534586429596,0,1290,44.023544,-0.062083025,10320,654671.8947375,20640,0.5803751,8.0,0.792392843890965,0.6930238352698311,0.5043516660196999
0.057320256,0.421875,-0.26061081886291504,0,1300,44.053158,-0.06667893,10400,660006.9222136,20800,2.3856483,8.0,0.8782517824958184,0.7213433681072088,0.4970226118581129
0.026734572,0.28125,0.49492138624191284,0,1310,44.109932,-0.07483206,10480,665358.8627488,20960,0.8385086,8.0,0.8468791191416862,0.7557481539818411,0.553971037570444
0.026514512,0.3125,0.32867342233657837,0,1320,44.108604,-0.07413489,10560,670540.3114754,21120,0.6248428,8.0,0.8266113133191864,0.6747699131115324,0.2877497236202202
0.022775738,0.265625,0.6115849614143372,0,1330,44.1068,-0.05930001,10640,675631.6520445,21280,0.5032378,8.0,0.8705953968429112,0.6061725353640612,-0.09001153877078405
0.04669828,0.3125,0.7011460959911346,0,1340,44.183807,-0.047853388,10720,680851.9570748,21440,0.42693695,8.0,0.8682011439789856,0.6670852494524201,0.2688793015082025
0.016695596,0.21875,0.4698641300201416,0,1350,44.20971,-0.07416251,10800,686156.224786,21600,0.64027876,8.0,0.8827166834062941,0.6747214562970698,0.435003135472166
0.020597123,0.296875,0.3066021800041199,0,1360,44.22145,-0.0696256,10880,691562.9596724,21760,0.6945276,8.0,0.895769180069247,0.7028399705674054,0.4685988656511777
0.014689734,0.203125,0.662351131439209,0,1370,44.170906,-0.041877545,10960,696873.0217801,21920,0.62071705,8.0,0.8680880247999694,0.6497988418897638,0.245956048748658
0.038524635,0.375,0.5911114811897278,0,1380,44.19429,-0.086894035,11040,702122.4060706,22080,0.7163285,8.0,0.7642911393667884,0.5966080269443391,0.055491177289036075
0.028171726,0.359375,0.6124228239059448,0,1390,44.13368,-0.053265277,11120,707346.1538202,22240,1.0252542,8.0,0.8448440736995327,0.6425151222398273,0.11296223927097293
0.048005078,0.390625,0.5455934405326843,0,1400,44.17206,-0.072948515,11200,712675.4047115,22400,0.7217846,8.0,0.8384427432873292,0.7305559323231396,0.39805884473601805
0.028605957,0.359375,0.2130821943283081,0,1410,44.164833,-0.045290664,11280,718045.2557852,22560,1.5158201,8.0,0.8103474730888024,0.7310909392272381,0.5524842751554833
0.018208627,0.234375,0.5077542662620544,0,1420,44.24218,-0.05184269,11360,723308.5993812,22720,0.695206,8.0,0.8292391050722533,0.7095911985506291,0.4876337642350519
0.02083562,0.203125,0.5063050389289856,0,1430,44.284676,-0.05473922,11440,728644.1753025,22880,0.6872428,8.0,0.7885793093557345,0.7162151929908863,0.5620397545788957
0.020593127,0.25,0.5489271283149719,0,1440,44.281326,-0.026734697,11520,734018.5329116,23040,1.120017,8.0,0.8502667771045127,0.7603148268197438,0.47231266618548223
0.026125181,0.28125,0.643919438123703,0,1450,44.199722,-0.054426454,11600,739294.9802189,23200,0.65796626,8.0,0.8155846348027591,0.6870182630327,0.3172792382423023
0.039114185,0.28125,0.7399167716503143,0,1460,44.185886,-0.06984705,11680,744597.3556096,23360,0.42881677,8.0,0.8140615434921271,0.6976944589453826,0.2809090120897877
0.037130557,0.34375,0.4673613905906677,0,1470,44.163948,-0.05599637,11760,749854.7093753,23520,1.0184023,8.0,0.8283820296883571,0.6544938516670286,0.4353013476924785
0.027308833,0.265625,0.4043302536010742,0,1480,44.11393,-0.06104838,11840,755144.0501298,23680,0.83494794,8.0,0.8430730673799793,0.6910225425757538,0.4550695683994153
0.032151453,0.28125,0.15227562189102173,0,1490,43.955364,-0.05476448,11920,760413.0264678,23840,0.9393667,8.0,0.8614352021815097,0.6531677468073268,0.2650621102001664
0.018756114,0.1875,0.6606954634189606,0,1500,43.98903,-0.045731828,12000,765695.5416348,24000,0.4421504,8.0,0.823661591295975,0.6791917512177337,0.487201877777243
0.032257244,0.28125,0.7085896730422974,0,1510,44.033123,-0.066211134,12080,770946.3508712,24160,0.47503412,8.0,0.8422256151161105,0.7011425345839116,0.4892498241148042
0.024520127,0.265625,0.6152980625629425,0,1520,44.070908,-0.05553147,12160,776306.9435269,24320,0.59902906,8.0,0.9030003946905019,0.7451678621485035,0.649839438326586
0.028616574,0.296875,0.6576569378376007,0,1530,44.121857,-0.0665679,12240,781623.4422617,24480,0.48255584,8.0,0.845926856767042,0.7124429820906907,0.4437191623741268
0.03485081,0.265625,0.5302676260471344,0,1540,44.136265,-0.06152334,12320,786924.319766,24640,0.76484394,8.0,0.829394894925752,0.7190666785497725,0.5251429413075728
0.029989434,0.265625,0.4377160668373108,0,1550,44.15228,-0.06653103,12400,792274.1458134,24800,0.8129889,8.0,0.8257624030825479,0.7243835830531697,0.43536944641524644
0.035810813,0.390625,0.5221498906612396,0,1560,44.08976,-0.09559104,12480,797523.0702771,24960,0.9090596,8.0,0.8572943483706132,0.7282097057287125,0.5433543983896519
0.032742135,0.3125,0.7037386000156403,0,1570,44.109493,-0.092575155,12560,802780.1918377,25120,0.51048756,8.0,0.8297327071126611,0.7052006675119525,0.4153287881184107
0.042828467,0.390625,0.5754582285881042,0,1580,44.10878,-0.07869292,12640,808073.6710378,25280,0.59843314,8.0,0.8048410043338095,0.7236063821464523,0.4947833925965036
0.03194176,0.34375,0.7386724352836609,0,1590,44.11039,-0.08848256,12720,813329.6541479,25440,0.50113755,8.0,0.8226388485546035,0.714131602250337,0.5377190155808991
0.037840948,0.40625,0.7334694862365723,0,1600,44.11011,-0.076706454,12800,818687.4063148,25600,0.43292338,8.0,0.8396528023888354,0.758581615922136,0.6821700889899678
0.029008958,0.296875,0.4080623984336853,0,1610,44.13276,-0.0626722,12880,824010.0017252,25760,0.71421784,8.0,0.8004450848477495,0.7126133235065739,0.5271720633639823
0.04015498,0.34375,0.8080830574035645,0,1620,44.107353,-0.064085774,12960,829347.5178358,25920,0.29066932,8.0,0.8027465067970436,0.7166081325150933,0.5145518026814117
0.020964906,0.265625,0.6338127553462982,0,1630,44.144184,-0.05270224,13040,834582.6996608,26080,0.5040186,8.0,0.7968672910045395,0.7015982733445891,0.2641206511177385
0.029069427,0.328125,0.6901843845844269,0,1640,44.14426,-0.07897361,13120,839908.5343079,26240,0.52556276,8.0,0.8435603894001298,0.7465766528110408,0.5003293133611633
0.031764586,0.328125,0.42999446392059326,0,1650,44.177074,-0.06429945,13200,845008.4563549,26400,1.2406638,8.0,0.8049627153435145,0.5780376641318243,0.28888552444246074
0.017977998,0.25,0.1904851794242859,0,1660,44.11745,-0.052507363,13280,850249.4478305,26560,1.815578,8.0,0.865100800863499,0.6921883953784226,0.19123585453853878
0.026674561,0.359375,0.6746799945831299,0,1670,44.05599,-0.079629496,13360,855538.6595535,26720,0.43879694,8.0,0.8837320399348476,0.6990985264060869,0.21457896882656868
0.041156888,0.3125,0.6647239029407501,0,1680,44.056602,-0.08066214,13440,860708.754021,26880,0.69898707,8.0,0.8109709525574575,0.6683205980806668,0.4060028194471864
0.01393901,0.1875,0.5679340660572052,0,1690,44.03645,-0.03349375,13520,865976.0665136,27040,0.62942374,8.0,0.8027558623729059,0.7126003015261618,0.508735136153792
0.021467261,0.265625,0.6315754950046539,0,1700,44.025246,-0.066003434,13600,871228.3355032,27200,0.46201864,8.0,0.8355142921683953,0.7065813831049013,0.4579877720319697
0.015081888,0.21875,0.6772534549236298,0,1710,44.066574,-0.038899843,13680,876496.9195162,27360,0.4325217,8.0,0.8275118389447387,0.7053991097221959,0.30559327198511044
0.02506978,0.234375,0.5703585147857666,0,1720,44.045494,-0.063421816,13760,881829.7135041,27520,0.8566179,8.0,0.853057871460358,0.7323515917606696,0.5142234885904452
0.052672308,0.3125,0.37464213371276855,0,1730,44.040615,-0.0631364,13840,887185.8547521,27680,1.0101001,8.0,0.8315367260663671,0.7345380642317505,0.4139017176816339
0.030363249,0.359375,0.6305710077285767,0,1740,44.058086,-0.074965805,13920,892502.08383,27840,0.57120633,8.0,0.8554962581963845,0.7319225217718375,0.4842778048038767
0.0121962745,0.140625,0.6775293052196503,0,1750,44.039654,-0.053318832,14000,897777.188006,28000,0.5474328,8.0,0.830497890687783,0.7040044035873204,0.3230987194613689
0.014675634,0.171875,0.7937129884958267,0,1760,43.9886,-0.030782027,14080,903087.7263429,28160,0.6373931,8.0,0.8655626438795505,0.6921035804625655,0.4932689538210499
0.044465113,0.40625,0.8052022308111191,0,1770,44.037796,-0.096253134,14160,908299.7797643,28320,0.26908273,8.0,0.8321938365332175,0.659237851832565,0.14241929840257717
0.026974417,0.3125,0.704139918088913,0,1780,44.027313,-0.08197403,14240,913606.2150808,28480,0.7984681,8.0,0.8874536218581666,0.7110592438174057,0.33616450451011415
0.024436159,0.28125,0.4427124857902527,0,1790,43.977215,-0.07236362,14320,918921.3793693,28640,1.209342,8.0,0.876679666321698,0.7205566142487775,0.5168969930667261
0.03882213,0.359375,0.7342420220375061,0,1800,43.995598,-0.07798809,14400,924307.6460174,28800,0.4538119,8.0,0.8882801899824468,0.7363440784249031,0.4886353019763645
0.035177372,0.296875,0.5506101846694946,0,1810,44.041412,-0.047032677,14480,929721.0086186,28960,0.7299715,8.0,0.8393551689359415,0.7500442657886122,0.5676892308719758
0.023909874,0.28125,0.6765011250972748,0,1820,43.943256,-0.043520473,14560,935069.7317838,29120,0.49519253,8.0,0.7986730992279119,0.7346875960120063,0.6651254147072647
0.024550987,0.28125,0.6882769167423248,0,1830,44.00471,-0.06958154,14640,940373.4941622,29280,0.4985299,8.0,0.8129705179137497,0.7165684591805933,0.5129839543065645
0.033021256,0.34375,0.537602573633194,0,1840,43.945686,-0.082422525,14720,945617.9155743,29440,0.61256135,8.0,0.8163133713484425,0.7142712836364871,0.4157897852785771
0.028129091,0.359375,0.7779997736215591,0,1850,43.92176,-0.058702726,14800,950945.0514469,29600,0.32409284,8.0,0.8208534365150473,0.7281411921857467,0.5152553104538983
0.020199856,0.234375,0.6701889038085938,0,1860,43.815166,-0.03824673,14880,956275.1551601,29760,0.5323813,8.0,0.8414151923244095,0.7435928639450803,0.5980154114570309
0.025514327,0.296875,0.8306338638067245,0,1870,43.74763,-0.07717888,14960,961603.6157286,29920,0.27906403,8.0,0.8115241976120048,0.7106079554474156,0.43349565082830205
0.045577794,0.328125,0.8050273954868317,0,1880,43.721844,-0.049599484,15040,966998.5923017,30080,0.31795168,8.0,0.8365773575498813,0.7599837273583614,0.6031552915161617
0.020791594,0.28125,0.7622054517269135,0,1890,43.687634,-0.051086236,15120,972316.4539515,30240,0.36049086,8.0,0.8195984117928554,0.7219037478693013,0.34599897824311576
0.04660222,0.40625,0.7871907949447632,0,1900,43.710304,-0.08276945,15200,977755.6469798,30400,0.3159008,8.0,0.8844803336151632,0.7579520449478263,0.5300705723860962
0.034479,0.328125,0.5565256178379059,0,1910,43.742794,-0.05396102,15280,983083.825728,30560,0.6800225,8.0,0.8409175438648375,0.7272032978256588,0.5000060064354331
0.033863414,0.375,0.5882574021816254,0,1920,43.77483,-0.07263084,15360,988458.6270064,30720,0.67645127,8.0,0.8402002940055286,0.7440111584102893,0.5508418227609669
0.020064741,0.265625,0.5632789134979248,0,1930,43.794342,-0.06222708,15440,993746.0424968,30880,0.6280563,8.0,0.8349021255871808,0.7251873084393374,0.5326460022355095
0.03524903,0.28125,0.6054952144622803,0,1940,43.714787,-0.070981935,15520,999091.726361,31040,0.5494078,8.0,0.8215922708465992,0.7342050002603517,0.6534705980241322
0.025734806,0.296875,0.4113585352897644,0,1950,43.625587,-0.066165894,15600,1004423.092329,31200,1.069954,8.0,0.8677060404187028,0.7084348484306545,0.4566873640169831
0.034075804,0.375,0.33449238538742065,0,1960,43.557083,-0.07646915,15680,1009745.6414672,31360,0.87624055,8.0,0.8234625733051977,0.7341541776230063,0.46899343254604403
0.026934728,0.234375,0.5465118288993835,0,1970,43.579285,-0.044877056,15760,1015068.7562363,31520,0.64252096,8.0,0.8589051308920888,0.7149694022035497,0.49083925036942866
0.0356947,0.328125,0.6777007877826691,0,1980,43.575195,-0.07345115,15840,1020352.239042,31680,0.47645283,8.0,0.8355465189477527,0.717010032550974,0.3113670664491115
0.03400667,0.3125,0.37770456075668335,0,1990,43.603714,-0.06925015,15920,1025671.5195608,31840,0.8753085,8.0,0.8332501589237507,0.7453828344214254,0.6414166018238128
0.033257514,0.375,0.12366408109664917,0,2000,43.586384,-0.0641192,16000,1030989.4322321,32000,2.1565177,8.0,0.8688771947875777,0.6958007415060352,0.32937666707733215
0.024592645,0.328125,0.6670536994934082,0,2010,43.559464,-0.080663316,16080,1036305.1817265,32160,0.71903443,8.0,0.8338651924318132,0.7040067026870056,0.49090771668180794
0.032636985,0.359375,0.6577565968036652,0,2020,43.459427,-0.06518189,16160,1041545.7075124,32320,0.6394419,8.0,0.8353452861149476,0.6681923222793408,0.40565164460369574
0.020488773,0.296875,0.524867445230484,0,2030,43.40911,-0.069531605,16240,1046796.6199584,32480,0.82700336,8.0,0.8691742873533927,0.5983262122308625,-0.3197385470463063
0.01680518,0.203125,0.41167378425598145,0,2040,43.38423,-0.058122896,16320,1052040.8799618,32640,0.8620441,8.0,0.8116192037941152,0.6570295420750553,0.2985341448079095
0.03253822,0.28125,0.20704221725463867,0,2050,43.34713,-0.046171144,16400,1057191.0727204,32800,0.9088268,8.0,0.830551094241429,0.5297886379851453,0.12196013760268634
0.031138089,0.265625,0.739079087972641,0,2060,43.258213,-0.06965652,16480,1062409.1561259,32960,0.520568,8.0,0.7826271680538857,0.6119092981372105,0.0900615421955489
0.023245282,0.265625,0.4393876791000366,0,2070,43.229233,-0.052755862,16560,1067745.1158296,33120,0.9861821,8.0,0.8682440824502662,0.7529305494699008,0.5281422891404042
0.0163169,0.21875,0.7479935884475708,0,2080,43.211853,-0.035466295,16640,1073100.2646798,33280,0.52356505,8.0,0.8477879882546753,0.7317906153658169,0.5263957754194885
0.023272082,0.234375,0.8172424733638763,0,2090,43.17662,-0.05552426,16720,1078421.8307066,33440,0.40993464,8.0,0.8885385873530418,0.7397125741425274,0.23240233441684421
0.037165385,0.328125,0.5667387545108795,0,2100,43.161694,-0.07306819,16800,1083772.6576573001,33600,0.66457045,8.0,0.823183370627071,0.7600461886781913,0.7096544643252765
0.03853295,0.296875,0.48947858810424805,0,2110,43.183697,-0.06951642,16880,1089176.4138801,33760,1.4936866,8.0,0.8894266393908556,0.7779570606227623,0.5342079074942232
0.028452767,0.34375,0.7589634507894516,0,2120,43.220978,-0.042514123,16960,1094615.7801297002,33920,0.4444735,8.0,0.8459364189512684,0.7744788690383142,0.7042674711898219
0.0395855,0.34375,0.6643658578395844,0,2130,43.16403,-0.0934462,17040,1099930.1524936,34080,0.7520221,8.0,0.8249031692019764,0.7511627547637538,0.5836337670435179
0.0152574545,0.25,0.5080952644348145,0,2140,43.10592,-0.028256435,17120,1105285.5374847,34240,0.751664,8.0,0.8178746227947311,0.701013128353393,0.3107251416527925
0.025667537,0.234375,0.6169433891773224,0,2150,43.087753,-0.07824793,17200,1110642.4869938002,34400,0.6657187,8.0,0.8455549485321503,0.7424244135978568,0.5670895273316154
0.025236508,0.1875,0.6054127812385559,0,2160,43.10701,-0.0723892,17280,1115945.3194958002,34560,1.5646328,8.0,0.8248332671061277,0.6332325653460087,0.3321660694741616
0.021917764,0.296875,0.6518725156784058,0,2170,43.12507,-0.07740538,17360,1121274.1651396002,34720,0.41599822,8.0,0.8732648450530589,0.7451179586706415,0.5263882078482071
0.052651502,0.375,0.6441783308982849,0,2180,43.133316,-0.074239045,17440,1126605.9003198,34880,0.61706614,8.0,0.8695273321766953,0.7203900305843838,0.09280053329700522
0.02521111,0.28125,0.3351914882659912,0,2190,43.03876,-0.046112753,17520,1131858.6584674001,35040,0.946205,8.0,0.8102191431138942,0.6858442365070464,0.41036122649877915
0.030456405,0.265625,-0.2523348331451416,0,2200,43.074482,-0.060417216,17600,1137098.5362012002,35200,6.200717,8.0,0.8262781575735136,0.6327518126597562,-0.2082383361373613
0.051301274,0.421875,0.6714954972267151,0,2210,43.053463,-0.102015436,17680,1142401.6814719,35360,0.54807013,8.0,0.8337892599562173,0.7155246044255167,0.46755599886326554
0.04312303,0.375,0.640677273273468,0,2220,43.048317,-0.06861271,17760,1147769.803517,35520,0.5046771,8.0,0.8148379056382853,0.741624018160478,0.6602730362065095
0.037996467,0.296875,0.5279668867588043,0,2230,43.090374,-0.07481204,17840,1153026.4483558,35680,0.6540434,8.0,0.7942662675701254,0.7189280007239314,0.6379036899567265
